{
    "table": {
        "icon": "pi pi-user",
        "singlepage": false,
        "id": 1,
        "uuid": 0,
        "tablename": "clientes",
        "name": {
            "es": "Clientes",
            "en": "Clientes"
        },
        "timestamps": 1,
        "softDeletes": 1,
        "menu_show": 1,
        "slug": 0,
        "slug_global": 0,
        "whoCan": [
            "developer"
        ]
    },
    "inputs": [
        {
            "isCollapsed": true,
            "columnname": "image",
            "icon": "",
            "type": "file",
            "visible": 1,
            "gridcols": 6,
            "visible_edit": 1,
            "label": {
                "es": "Foto",
                "en": "input_1"
            },
            "unique": 0,
            "default": "",
            "nullable": 1,
            "validate": 1,
            "max": "",
            "min": "",
            "tabledata": "",
            "tablekeycolumn": "",
            "tabletextcolumn": "",
            "translatable": 0,
            "multiple": false
        },
        {
            "isCollapsed": true,
            "columnname": "link",
            "icon": "",
            "type": "text",
            "visible": 1,
            "gridcols": 6,
            "visible_edit": 1,
            "label": {
                "es": "Link",
                "en": "Link"
            },
            "unique": 0,
            "default": "",
            "nullable": 1,
            "validate": 1,
            "max": "",
            "min": "",
            "tabledata": "",
            "tablekeycolumn": "",
            "tabletextcolumn": "",
            "translatable": 0,
            "multiple": false
        },
        {
            "isCollapsed": true,
            "columnname": "name",
            "icon": "",
            "type": "text",
            "visible": 1,
            "gridcols": 5,
            "visible_edit": 1,
            "label": {
                "es": "Nombre",
                "en": "Name"
            },
            "unique": 0,
            "default": "",
            "nullable": 1,
            "validate": 1,
            "max": "",
            "min": "",
            "tabledata": "",
            "tablekeycolumn": "",
            "tabletextcolumn": "",
            "translatable": 0,
            "multiple": false
        },
        {
            "isCollapsed": true,
            "columnname": "input_4",
            "icon": "",
            "type": "text",
            "visible": 1,
            "gridcols": 3,
            "visible_edit": 1,
            "label": {
                "es": "input_4",
                "en": "input_4"
            },
            "unique": 0,
            "default": "",
            "nullable": 1,
            "validate": 1,
            "max": "",
            "min": "",
            "tabledata": "",
            "tablekeycolumn": "",
            "tabletextcolumn": "",
            "translatable": 0,
            "multiple": false
        }
    ],
    "migrate": 1
}