{
    "table": {
        "icon": "fa fa-copyright",
        "singlepage": true,
        "id": 1,
        "uuid": 0,
        "tablename": "empresa",
        "name": {
            "es": "Empresa",
            "en": "Empresa"
        },
        "timestamps": 1,
        "softDeletes": 1,
        "menu_show": 1,
        "slug": 0,
        "slug_global": 0,
        "whoCan": [
            "developer"
        ]
    },
    "inputs": [
        {
            "isCollapsed": true,
            "columnname": "input_1",
            "icon": "",
            "type": "text",
            "visible": 1,
            "gridcols": 12,
            "visible_edit": 1,
            "label": {
                "es": "Titulo 1",
                "en": "input_1"
            },
            "unique": 0,
            "default": "",
            "nullable": 1,
            "validate": 1,
            "max": "",
            "min": "",
            "tabledata": "",
            "tablekeycolumn": "",
            "tabletextcolumn": "",
            "translatable": 0,
            "multiple": false
        },
        {
            "isCollapsed": true,
            "columnname": "input_2",
            "icon": "",
            "type": "textarea",
            "visible": 1,
            "gridcols": 12,
            "visible_edit": 1,
            "label": {
                "es": "Texto 1",
                "en": "input_2"
            },
            "unique": 0,
            "default": "",
            "nullable": 1,
            "validate": 1,
            "max": "",
            "min": "",
            "tabledata": "",
            "tablekeycolumn": "",
            "tabletextcolumn": "",
            "translatable": 0,
            "multiple": false
        },
        {
            "isCollapsed": true,
            "columnname": "input_5",
            "icon": "",
            "type": "file",
            "visible": 1,
            "gridcols": 12,
            "visible_edit": 1,
            "label": {
                "es": "Foto 1",
                "en": "input_5"
            },
            "unique": 0,
            "default": "",
            "nullable": 1,
            "validate": 1,
            "max": "",
            "min": "",
            "tabledata": "",
            "tablekeycolumn": "",
            "tabletextcolumn": "",
            "translatable": 0,
            "multiple": false
        },
        {
            "isCollapsed": true,
            "columnname": "input_3",
            "icon": "",
            "type": "text",
            "visible": 1,
            "gridcols": 12,
            "visible_edit": 1,
            "label": {
                "es": "Titulo 2",
                "en": "input_3"
            },
            "unique": 0,
            "default": "",
            "nullable": 1,
            "validate": 1,
            "max": "",
            "min": "",
            "tabledata": "",
            "tablekeycolumn": "",
            "tabletextcolumn": "",
            "translatable": 0,
            "multiple": false
        },
        {
            "isCollapsed": true,
            "columnname": "input_4",
            "icon": "",
            "type": "textarea",
            "visible": 1,
            "gridcols": 12,
            "visible_edit": 1,
            "label": {
                "es": "Texto 2",
                "en": "input_4"
            },
            "unique": 0,
            "default": "",
            "nullable": 1,
            "validate": 1,
            "max": "",
            "min": "",
            "tabledata": "",
            "tablekeycolumn": "",
            "tabletextcolumn": "",
            "translatable": 0,
            "multiple": false
        },
        {
            "isCollapsed": true,
            "columnname": "input_6",
            "icon": "",
            "type": "file",
            "visible": 1,
            "gridcols": 12,
            "visible_edit": 1,
            "label": {
                "es": "Foto 2",
                "en": "input_6"
            },
            "unique": 0,
            "default": "",
            "nullable": 1,
            "validate": 1,
            "max": "",
            "min": "",
            "tabledata": "",
            "tablekeycolumn": "",
            "tabletextcolumn": "",
            "translatable": 0,
            "multiple": false
        }
    ],
    "migrate": 1
}