{
    "table": {
        "icon": "pi pi-shopping-cart",
        "singlepage": false,
        "id": 1,
        "uuid": 0,
        "tablename": "productos",
        "name": {
            "es": "Productos",
            "en": "Productos"
        },
        "timestamps": 1,
        "softDeletes": 1,
        "menu_show": 1,
        "slug": 0,
        "slug_global": 0,
        "whoCan": [
            "developer"
        ]
    },
    "inputs": [
        {
            "isCollapsed": true,
            "columnname": "onhome",
            "icon": "",
            "type": "boolean",
            "visible": 1,
            "gridcols": 4,
            "visible_edit": 1,
            "label": {
                "es": "En Home?",
                "en": "input_1"
            },
            "unique": 0,
            "default": "",
            "nullable": 1,
            "validate": 1,
            "max": "",
            "min": "",
            "tabledata": "",
            "tablekeycolumn": "",
            "tabletextcolumn": "",
            "translatable": 0,
            "multiple": false
        },
        {
            "isCollapsed": true,
            "columnname": "name",
            "icon": "",
            "type": "text",
            "visible": 1,
            "gridcols": 6,
            "visible_edit": 1,
            "label": {
                "es": "Name",
                "en": "Name"
            },
            "unique": 0,
            "default": "",
            "nullable": 1,
            "validate": 1,
            "max": "",
            "min": "",
            "tabledata": "",
            "tablekeycolumn": "",
            "tabletextcolumn": "",
            "translatable": 0,
            "multiple": false
        },
        {
            "isCollapsed": true,
            "columnname": "image",
            "icon": "",
            "type": "file",
            "visible": 1,
            "gridcols": 5,
            "visible_edit": 1,
            "label": {
                "es": "Foto",
                "en": "Image"
            },
            "unique": 0,
            "default": "",
            "nullable": 1,
            "validate": 1,
            "max": "",
            "min": "",
            "tabledata": "",
            "tablekeycolumn": "",
            "tabletextcolumn": "",
            "translatable": 0,
            "multiple": false
        },
        {
            "isCollapsed": true,
            "columnname": "price",
            "icon": "",
            "type": "money",
            "visible": 1,
            "gridcols": 3,
            "visible_edit": 1,
            "label": {
                "es": "Price",
                "en": "Price"
            },
            "unique": 0,
            "default": "",
            "nullable": 1,
            "validate": 1,
            "max": "",
            "min": "",
            "tabledata": "",
            "tablekeycolumn": "",
            "tabletextcolumn": "",
            "translatable": 0,
            "multiple": false
        },
        {
            "isCollapsed": true,
            "columnname": "idcategoria",
            "icon": "",
            "type": "select",
            "visible": 1,
            "gridcols": 12,
            "visible_edit": 1,
            "label": {
                "es": "Categor\u00eda",
                "en": "input_5"
            },
            "unique": 0,
            "default": "1",
            "nullable": 1,
            "validate": 1,
            "max": "",
            "min": "",
            "tabledata": "categorias",
            "tablekeycolumn": "id",
            "tabletextcolumn": "title",
            "translatable": 0,
            "multiple": false,
            "valueoriginselector": "table"
        },
        {
            "isCollapsed": true,
            "columnname": "short_desc",
            "icon": "",
            "type": "textarea",
            "visible": 1,
            "gridcols": 12,
            "visible_edit": 1,
            "label": {
                "es": "Descripci\u00f3n Corta",
                "en": "Short_desc"
            },
            "unique": 0,
            "default": "",
            "nullable": 1,
            "validate": 1,
            "max": "",
            "min": "",
            "tabledata": "",
            "tablekeycolumn": "",
            "tabletextcolumn": "",
            "translatable": 0,
            "multiple": false
        }
    ],
    "migrate": 1
}