{
    "table": {
        "icon": "fa fa-newspaper-o",
        "singlepage": false,
        "id": 1,
        "uuid": 0,
        "tablename": "novedades",
        "name": {
            "es": "Novedades",
            "en": "Novedades"
        },
        "timestamps": 1,
        "softDeletes": 1,
        "menu_show": 1,
        "slug": 0,
        "slug_global": 0,
        "whoCan": [
            "developer"
        ]
    },
    "inputs": [
        {
            "isCollapsed": true,
            "columnname": "input_2",
            "icon": "",
            "type": "text",
            "visible": 1,
            "gridcols": 8,
            "visible_edit": 1,
            "label": {
                "es": "Titulo",
                "en": "input_2"
            },
            "unique": 0,
            "default": "",
            "nullable": 1,
            "validate": 1,
            "max": "",
            "min": "",
            "tabledata": "",
            "tablekeycolumn": "",
            "tabletextcolumn": "",
            "translatable": 0,
            "multiple": false
        },
        {
            "isCollapsed": true,
            "columnname": "input_1",
            "icon": "",
            "type": "file",
            "visible": 1,
            "gridcols": 9,
            "visible_edit": 1,
            "label": {
                "es": "Foto",
                "en": "input_1"
            },
            "unique": 0,
            "default": "",
            "nullable": 1,
            "validate": 1,
            "max": "",
            "min": "",
            "tabledata": "",
            "tablekeycolumn": "",
            "tabletextcolumn": "",
            "translatable": 0,
            "multiple": false
        },
        {
            "isCollapsed": true,
            "columnname": "input_3",
            "icon": "",
            "type": "textarea",
            "visible": 1,
            "gridcols": 12,
            "visible_edit": 1,
            "label": {
                "es": "Descripci\u00f3n",
                "en": "input_3"
            },
            "unique": 0,
            "default": "",
            "nullable": 1,
            "validate": 1,
            "max": "",
            "min": "",
            "tabledata": "",
            "tablekeycolumn": "",
            "tabletextcolumn": "",
            "translatable": 0,
            "multiple": false
        }
    ],
    "migrate": true
}